timestamp,open,high,low,close,volume
2026-01-21 15:03:00,3.72,3.74,3.72,3.74,6263.53
2026-01-21 15:04:00,3.74,3.74,3.714,3.715,16727.04
2026-01-21 15:05:00,3.715,3.733,3.715,3.732,2733.19
2026-01-21 15:06:00,3.731,3.735,3.724,3.725,3918.24
2026-01-21 15:07:00,3.726,3.739,3.726,3.736,6995.15
2026-01-21 15:08:00,3.735,3.752,3.733,3.752,9856.83
2026-01-21 15:09:00,3.753,3.756,3.75,3.753,2341.0
2026-01-21 15:10:00,3.752,3.752,3.738,3.74,8256.17
2026-01-21 15:11:00,3.74,3.741,3.734,3.735,7809.32
2026-01-21 15:12:00,3.736,3.739,3.729,3.733,9058.34
2026-01-21 15:13:00,3.732,3.735,3.726,3.732,14082.7
2026-01-21 15:14:00,3.733,3.737,3.731,3.737,9467.14
2026-01-21 15:15:00,3.738,3.745,3.731,3.732,13844.11
2026-01-21 15:16:00,3.733,3.743,3.733,3.74,2460.66
2026-01-21 15:17:00,3.739,3.747,3.738,3.743,10564.81
2026-01-21 15:18:00,3.743,3.749,3.734,3.735,16933.53
2026-01-21 15:19:00,3.736,3.746,3.734,3.735,18632.02
2026-01-21 15:20:00,3.734,3.735,3.726,3.729,11044.97
2026-01-21 15:21:00,3.73,3.733,3.721,3.726,13310.31
2026-01-21 15:22:00,3.726,3.731,3.717,3.729,4878.13
2026-01-21 15:23:00,3.729,3.733,3.722,3.733,1078.99
2026-01-21 15:24:00,3.734,3.735,3.729,3.732,1924.11
2026-01-21 15:25:00,3.733,3.733,3.722,3.724,1327.47
2026-01-21 15:26:00,3.724,3.733,3.723,3.733,1461.9
2026-01-21 15:27:00,3.732,3.732,3.724,3.724,1701.92
2026-01-21 15:28:00,3.723,3.725,3.717,3.722,10012.94
2026-01-21 15:29:00,3.723,3.725,3.719,3.719,1055.09
2026-01-21 15:30:00,3.72,3.723,3.714,3.714,4784.72
2026-01-21 15:31:00,3.714,3.717,3.708,3.709,16761.05
2026-01-21 15:32:00,3.709,3.715,3.694,3.712,58388.84
2026-01-21 15:33:00,3.713,3.717,3.713,3.714,1390.91
2026-01-21 15:34:00,3.713,3.714,3.707,3.712,1546.6
2026-01-21 15:35:00,3.711,3.711,3.706,3.706,1698.06
2026-01-21 15:36:00,3.705,3.712,3.705,3.711,553.22
2026-01-21 15:37:00,3.71,3.712,3.699,3.7,2228.7
2026-01-21 15:38:00,3.698,3.698,3.677,3.684,12017.62
2026-01-21 15:39:00,3.685,3.695,3.684,3.692,1648.9
2026-01-21 15:40:00,3.692,3.692,3.684,3.684,2147.85
2026-01-21 15:41:00,3.685,3.692,3.685,3.688,3259.57
2026-01-21 15:42:00,3.69,3.694,3.69,3.691,2112.26
2026-01-21 15:43:00,3.69,3.691,3.687,3.69,816.48
2026-01-21 15:44:00,3.689,3.695,3.686,3.693,2792.42
2026-01-21 15:45:00,3.693,3.693,3.688,3.691,1404.85
2026-01-21 15:46:00,3.692,3.693,3.684,3.692,3744.88
2026-01-21 15:47:00,3.693,3.705,3.693,3.705,5259.9
2026-01-21 15:48:00,3.706,3.714,3.706,3.709,10533.79
2026-01-21 15:49:00,3.709,3.713,3.702,3.702,6546.51
2026-01-21 15:50:00,3.703,3.712,3.7,3.71,6106.3
2026-01-21 15:51:00,3.709,3.72,3.708,3.712,5627.06
2026-01-21 15:52:00,3.712,3.712,3.7,3.702,1763.85
2026-01-21 15:53:00,3.701,3.711,3.7,3.71,2055.24
2026-01-21 15:54:00,3.71,3.71,3.699,3.7,2660.16
2026-01-21 15:55:00,3.701,3.709,3.701,3.708,2465.09
2026-01-21 15:56:00,3.708,3.708,3.703,3.703,2734.34
2026-01-21 15:57:00,3.705,3.707,3.701,3.704,3221.66
2026-01-21 15:58:00,3.705,3.711,3.705,3.709,1211.24
2026-01-21 15:59:00,3.708,3.708,3.701,3.705,2885.91
2026-01-21 16:00:00,3.706,3.707,3.701,3.706,4641.42
2026-01-21 16:01:00,3.706,3.708,3.698,3.698,8460.77
2026-01-21 16:02:00,3.698,3.7,3.693,3.693,592.18
2026-01-21 16:03:00,3.694,3.697,3.684,3.685,3244.41
2026-01-21 16:04:00,3.686,3.691,3.684,3.688,10003.91
2026-01-21 16:05:00,3.687,3.689,3.684,3.684,2442.22
2026-01-21 16:06:00,3.684,3.687,3.68,3.687,4225.22
2026-01-21 16:07:00,3.688,3.69,3.684,3.684,4511.94
2026-01-21 16:08:00,3.683,3.683,3.677,3.678,2060.25
2026-01-21 16:09:00,3.679,3.68,3.677,3.679,1148.51
2026-01-21 16:10:00,3.68,3.685,3.68,3.684,3887.8
2026-01-21 16:11:00,3.685,3.685,3.675,3.676,2240.82
2026-01-21 16:12:00,3.677,3.68,3.676,3.68,346.68
2026-01-21 16:13:00,3.679,3.679,3.678,3.678,350.6
2026-01-21 16:14:00,3.677,3.679,3.668,3.673,3202.6
2026-01-21 16:15:00,3.672,3.672,3.657,3.661,12127.57
2026-01-21 16:16:00,3.66,3.664,3.658,3.664,3900.22
2026-01-21 16:17:00,3.664,3.667,3.659,3.667,3640.45
2026-01-21 16:18:00,3.668,3.672,3.668,3.672,539.21
2026-01-21 16:19:00,3.671,3.671,3.661,3.661,392.07
2026-01-21 16:20:00,3.661,3.662,3.654,3.655,9636.33
2026-01-21 16:21:00,3.655,3.657,3.646,3.647,15124.61
2026-01-21 16:22:00,3.648,3.649,3.644,3.646,6294.05
2026-01-21 16:23:00,3.647,3.648,3.625,3.629,19539.02
2026-01-21 16:24:00,3.628,3.638,3.624,3.637,3488.29
2026-01-21 16:25:00,3.636,3.636,3.623,3.626,8160.68
2026-01-21 16:26:00,3.626,3.63,3.625,3.63,22418.89
2026-01-21 16:27:00,3.63,3.643,3.629,3.643,12871.47
2026-01-21 16:28:00,3.642,3.647,3.642,3.647,1955.04
2026-01-21 16:29:00,3.647,3.653,3.647,3.647,7756.77
2026-01-21 16:30:00,3.647,3.648,3.641,3.642,600.49
2026-01-21 16:31:00,3.641,3.641,3.627,3.628,949.65
2026-01-21 16:32:00,3.629,3.629,3.62,3.622,2527.78
2026-01-21 16:33:00,3.622,3.622,3.613,3.614,6787.49
2026-01-21 16:34:00,3.614,3.618,3.607,3.611,7274.3
2026-01-21 16:35:00,3.611,3.615,3.607,3.609,2609.58
2026-01-21 16:36:00,3.61,3.61,3.599,3.6,24036.87
2026-01-21 16:37:00,3.6,3.602,3.592,3.599,5560.85
2026-01-21 16:38:00,3.6,3.6,3.568,3.577,49993.69
2026-01-21 16:39:00,3.576,3.598,3.576,3.588,19765.52
2026-01-21 16:40:00,3.588,3.588,3.565,3.568,13886.6
2026-01-21 16:41:00,3.567,3.574,3.566,3.568,3989.09
2026-01-21 16:42:00,3.567,3.572,3.559,3.561,5740.19
2026-01-21 16:43:00,3.562,3.577,3.562,3.563,26897.25
2026-01-21 16:44:00,3.563,3.563,3.545,3.546,10862.65
2026-01-21 16:45:00,3.545,3.569,3.545,3.567,11906.78
2026-01-21 16:46:00,3.568,3.576,3.564,3.565,6919.94
2026-01-21 16:47:00,3.566,3.576,3.566,3.576,7895.46
2026-01-21 16:48:00,3.576,3.582,3.566,3.567,7423.45
2026-01-21 16:49:00,3.567,3.581,3.567,3.576,3683.47
2026-01-21 16:50:00,3.575,3.575,3.567,3.567,2538.09
2026-01-21 16:51:00,3.567,3.581,3.567,3.574,2114.93
2026-01-21 16:52:00,3.575,3.577,3.566,3.571,2040.01
2026-01-21 16:53:00,3.571,3.582,3.568,3.582,1911.83
2026-01-21 16:54:00,3.583,3.588,3.581,3.583,2872.9
2026-01-21 16:55:00,3.583,3.584,3.575,3.576,1610.46
2026-01-21 16:56:00,3.576,3.576,3.559,3.563,5058.35
2026-01-21 16:57:00,3.563,3.567,3.553,3.557,7906.58
2026-01-21 16:58:00,3.556,3.556,3.533,3.542,20752.91
2026-01-21 16:59:00,3.543,3.55,3.542,3.549,6207.43
2026-01-21 17:00:00,3.549,3.584,3.549,3.582,8770.44
2026-01-21 17:01:00,3.582,3.589,3.579,3.579,4526.38
2026-01-21 17:02:00,3.578,3.58,3.574,3.576,8859.49
2026-01-21 17:03:00,3.577,3.602,3.577,3.598,18684.87
2026-01-21 17:04:00,3.599,3.602,3.589,3.599,14457.64
2026-01-21 17:05:00,3.6,3.6,3.582,3.584,7991.97
2026-01-21 17:06:00,3.585,3.599,3.585,3.594,8659.98
2026-01-21 17:07:00,3.595,3.599,3.59,3.59,2217.98
2026-01-21 17:08:00,3.59,3.593,3.58,3.582,14110.36
2026-01-21 17:09:00,3.581,3.588,3.576,3.579,1790.05
2026-01-21 17:10:00,3.58,3.583,3.573,3.577,1536.53
2026-01-21 17:11:00,3.576,3.58,3.572,3.574,2454.4
2026-01-21 17:12:00,3.574,3.575,3.568,3.568,4059.67
2026-01-21 17:13:00,3.567,3.579,3.567,3.572,4678.91
2026-01-21 17:14:00,3.572,3.573,3.558,3.563,4837.27
2026-01-21 17:15:00,3.563,3.573,3.55,3.553,7080.09
2026-01-21 17:16:00,3.553,3.566,3.549,3.549,11847.93
2026-01-21 17:17:00,3.55,3.563,3.55,3.558,2804.99
2026-01-21 17:18:00,3.557,3.564,3.556,3.562,1472.99
2026-01-21 17:19:00,3.561,3.573,3.557,3.561,6015.57
2026-01-21 17:20:00,3.56,3.57,3.553,3.567,2363.69
2026-01-21 17:21:00,3.566,3.567,3.549,3.549,7018.34
2026-01-21 17:22:00,3.549,3.551,3.542,3.543,3488.43
2026-01-21 17:23:00,3.544,3.555,3.541,3.554,3291.26
2026-01-21 17:24:00,3.555,3.557,3.544,3.547,4398.7
2026-01-21 17:25:00,3.547,3.551,3.526,3.528,56288.18
2026-01-21 17:26:00,3.528,3.535,3.526,3.534,3020.01
2026-01-21 17:27:00,3.534,3.534,3.524,3.534,1977.23
2026-01-21 17:28:00,3.534,3.546,3.534,3.537,7705.72
2026-01-21 17:29:00,3.537,3.549,3.537,3.548,8924.57
2026-01-21 17:30:00,3.546,3.546,3.535,3.541,2190.16
2026-01-21 17:31:00,3.541,3.542,3.533,3.533,1032.44
2026-01-21 17:32:00,3.532,3.536,3.526,3.529,1722.68
2026-01-21 17:33:00,3.528,3.534,3.517,3.533,17355.29
2026-01-21 17:34:00,3.532,3.537,3.529,3.529,4619.99
2026-01-21 17:35:00,3.529,3.537,3.529,3.534,1922.16
2026-01-21 17:36:00,3.533,3.547,3.531,3.545,5892.92
2026-01-21 17:37:00,3.544,3.544,3.53,3.536,5580.21
2026-01-21 17:38:00,3.535,3.54,3.529,3.539,972.62
2026-01-21 17:39:00,3.538,3.543,3.535,3.538,1517.62
2026-01-21 17:40:00,3.537,3.55,3.535,3.543,3369.21
2026-01-21 17:41:00,3.543,3.551,3.542,3.543,1196.1
2026-01-21 17:42:00,3.543,3.551,3.543,3.551,4124.64
2026-01-21 17:43:00,3.552,3.56,3.551,3.553,12165.86
2026-01-21 17:44:00,3.552,3.556,3.552,3.556,857.34
2026-01-21 17:45:00,3.555,3.558,3.549,3.554,2442.39
2026-01-21 17:46:00,3.553,3.57,3.551,3.567,16355.37
2026-01-21 17:47:00,3.568,3.582,3.568,3.573,8401.57
2026-01-21 17:48:00,3.572,3.574,3.559,3.559,9080.64
2026-01-21 17:49:00,3.559,3.569,3.553,3.569,2141.51
2026-01-21 17:50:00,3.568,3.568,3.559,3.559,2424.38
2026-01-21 17:51:00,3.56,3.567,3.56,3.566,2240.84
2026-01-21 17:52:00,3.566,3.572,3.564,3.572,3166.04
2026-01-21 17:53:00,3.572,3.578,3.57,3.57,1998.87
2026-01-21 17:54:00,3.571,3.576,3.571,3.576,1702.61
2026-01-21 17:55:00,3.575,3.576,3.571,3.576,2063.21
2026-01-21 17:56:00,3.575,3.576,3.571,3.574,5378.45
2026-01-21 17:57:00,3.575,3.58,3.575,3.575,1993.53
2026-01-21 17:58:00,3.576,3.583,3.575,3.578,1800.17
2026-01-21 17:59:00,3.579,3.581,3.578,3.58,1655.13
2026-01-21 18:00:00,3.579,3.586,3.576,3.577,2513.69
2026-01-21 18:01:00,3.576,3.586,3.576,3.58,989.1
2026-01-21 18:02:00,3.579,3.58,3.574,3.574,2153.9
2026-01-21 18:03:00,3.574,3.576,3.558,3.564,3939.92
2026-01-21 18:04:00,3.562,3.569,3.557,3.569,2581.33
2026-01-21 18:05:00,3.57,3.586,3.57,3.585,1320.21
2026-01-21 18:06:00,3.584,3.59,3.582,3.584,5545.92
2026-01-21 18:07:00,3.585,3.59,3.583,3.584,1636.64
2026-01-21 18:08:00,3.582,3.586,3.578,3.584,688.27
2026-01-21 18:09:00,3.584,3.587,3.582,3.585,1130.31
2026-01-21 18:10:00,3.585,3.594,3.582,3.591,2427.04
2026-01-21 18:11:00,3.59,3.593,3.587,3.591,1195.81
2026-01-21 18:12:00,3.592,3.6,3.59,3.598,2217.05
2026-01-21 18:13:00,3.598,3.612,3.598,3.604,2851.28
2026-01-21 18:14:00,3.605,3.61,3.601,3.601,4296.61
2026-01-21 18:15:00,3.602,3.612,3.6,3.602,4940.26
2026-01-21 18:16:00,3.602,3.603,3.597,3.6,2186.14
2026-01-21 18:17:00,3.601,3.605,3.597,3.597,11467.1
2026-01-21 18:18:00,3.598,3.598,3.592,3.594,478.7
2026-01-21 18:19:00,3.594,3.595,3.592,3.595,623.71
2026-01-21 18:20:00,3.595,3.595,3.583,3.587,4941.08
2026-01-21 18:21:00,3.588,3.596,3.588,3.596,615.23
2026-01-21 18:22:00,3.596,3.597,3.592,3.592,320.94
2026-01-21 18:23:00,3.591,3.592,3.584,3.584,1106.31
2026-01-21 18:24:00,3.583,3.583,3.579,3.582,616.82
2026-01-21 18:25:00,3.583,3.583,3.58,3.581,2713.47
2026-01-21 18:26:00,3.581,3.585,3.578,3.583,1749.65
2026-01-21 18:27:00,3.583,3.59,3.582,3.585,1392.28
2026-01-21 18:28:00,3.584,3.588,3.573,3.573,3070.44
2026-01-21 18:29:00,3.574,3.58,3.574,3.58,1071.05
2026-01-21 18:30:00,3.581,3.585,3.581,3.585,730.72
2026-01-21 18:31:00,3.584,3.592,3.58,3.586,3364.95
2026-01-21 18:32:00,3.585,3.585,3.58,3.581,367.91
2026-01-21 18:33:00,3.582,3.591,3.581,3.582,1244.72
2026-01-21 18:34:00,3.582,3.583,3.576,3.577,687.85
2026-01-21 18:35:00,3.577,3.578,3.573,3.573,638.47
2026-01-21 18:36:00,3.573,3.577,3.57,3.573,835.88
2026-01-21 18:37:00,3.573,3.575,3.57,3.574,633.47
2026-01-21 18:38:00,3.574,3.584,3.574,3.582,408.37
2026-01-21 18:39:00,3.583,3.59,3.583,3.589,508.39
2026-01-21 18:40:00,3.59,3.594,3.588,3.59,1265.73
2026-01-21 18:41:00,3.59,3.597,3.589,3.593,514.23
2026-01-21 18:42:00,3.592,3.592,3.586,3.588,933.67
2026-01-21 18:43:00,3.588,3.597,3.587,3.592,1217.17
2026-01-21 18:44:00,3.593,3.596,3.586,3.586,1390.38
2026-01-21 18:45:00,3.586,3.586,3.58,3.58,628.95
2026-01-21 18:46:00,3.581,3.593,3.581,3.593,1776.92
2026-01-21 18:47:00,3.594,3.608,3.592,3.605,2210.17
2026-01-21 18:48:00,3.606,3.626,3.606,3.618,6470.05
2026-01-21 18:49:00,3.618,3.626,3.611,3.623,4812.15
2026-01-21 18:50:00,3.623,3.624,3.612,3.613,1752.78
2026-01-21 18:51:00,3.614,3.618,3.608,3.617,1241.85
2026-01-21 18:52:00,3.617,3.622,3.607,3.607,551.5
2026-01-21 18:53:00,3.606,3.609,3.604,3.607,368.87
2026-01-21 18:54:00,3.606,3.609,3.604,3.609,96.34
2026-01-21 18:55:00,3.608,3.608,3.603,3.603,859.22
2026-01-21 18:56:00,3.602,3.603,3.595,3.595,1208.42
2026-01-21 18:57:00,3.595,3.597,3.593,3.595,1583.63
2026-01-21 18:58:00,3.595,3.598,3.595,3.597,489.36
2026-01-21 18:59:00,3.596,3.596,3.591,3.592,971.21
2026-01-21 19:00:00,3.592,3.593,3.587,3.588,591.72
2026-01-21 19:01:00,3.588,3.603,3.586,3.603,2835.17
2026-01-21 19:02:00,3.602,3.602,3.596,3.596,739.43
2026-01-21 19:03:00,3.595,3.596,3.585,3.585,754.84
2026-01-21 19:04:00,3.585,3.586,3.578,3.58,3810.13
2026-01-21 19:05:00,3.58,3.58,3.576,3.576,357.4
2026-01-21 19:06:00,3.576,3.579,3.575,3.578,1832.13
2026-01-21 19:07:00,3.579,3.58,3.574,3.575,678.11
2026-01-21 19:08:00,3.576,3.576,3.57,3.571,6280.91
2026-01-21 19:09:00,3.57,3.573,3.568,3.573,766.44
2026-01-21 19:10:00,3.573,3.58,3.573,3.578,432.02
2026-01-21 19:11:00,3.578,3.578,3.575,3.576,555.61
2026-01-21 19:12:00,3.576,3.576,3.575,3.575,474.47
2026-01-21 19:13:00,3.575,3.576,3.575,3.575,76.81
2026-01-21 19:14:00,3.575,3.578,3.572,3.572,841.49
2026-01-21 19:15:00,3.573,3.576,3.572,3.574,319.76
2026-01-21 19:16:00,3.575,3.575,3.568,3.573,426.62
2026-01-21 19:17:00,3.573,3.576,3.572,3.576,98.36
2026-01-21 19:18:00,3.576,3.581,3.575,3.58,452.3
2026-01-21 19:19:00,3.58,3.58,3.576,3.579,170.55
2026-01-21 19:20:00,3.579,3.581,3.578,3.579,301.24
2026-01-21 19:21:00,3.58,3.581,3.576,3.576,424.56
2026-01-21 19:22:00,3.576,3.582,3.575,3.581,188.64
2026-01-21 19:23:00,3.58,3.581,3.579,3.579,311.34
2026-01-21 19:24:00,3.58,3.585,3.58,3.582,830.65
2026-01-21 19:25:00,3.581,3.583,3.58,3.58,464.05
2026-01-21 19:26:00,3.581,3.583,3.579,3.581,1218.28
2026-01-21 19:27:00,3.58,3.63,3.58,3.626,28416.5
2026-01-21 19:28:00,3.627,3.649,3.627,3.646,21436.93
2026-01-21 19:29:00,3.647,3.659,3.644,3.655,13202.37
2026-01-21 19:30:00,3.655,3.661,3.64,3.661,7311.42
2026-01-21 19:31:00,3.661,3.665,3.648,3.649,4027.71
2026-01-21 19:32:00,3.649,3.661,3.649,3.661,3257.31
2026-01-21 19:33:00,3.66,3.66,3.645,3.651,3717.86
2026-01-21 19:34:00,3.651,3.666,3.643,3.665,5822.73
2026-01-21 19:35:00,3.664,3.671,3.662,3.671,14212.04
2026-01-21 19:36:00,3.671,3.681,3.671,3.675,5547.96
2026-01-21 19:37:00,3.675,3.709,3.675,3.694,36404.97
2026-01-21 19:38:00,3.693,3.697,3.689,3.691,5748.73
2026-01-21 19:39:00,3.689,3.697,3.684,3.687,4818.79
2026-01-21 19:40:00,3.688,3.705,3.681,3.703,8194.97
2026-01-21 19:41:00,3.703,3.71,3.702,3.704,11562.65
2026-01-21 19:42:00,3.704,3.714,3.701,3.714,6431.87
2026-01-21 19:43:00,3.714,3.717,3.707,3.71,2562.61
2026-01-21 19:44:00,3.71,3.71,3.699,3.704,6124.58
2026-01-21 19:45:00,3.705,3.718,3.705,3.71,2648.59
2026-01-21 19:46:00,3.71,3.721,3.706,3.718,6678.64
2026-01-21 19:47:00,3.718,3.729,3.718,3.729,13751.15
2026-01-21 19:48:00,3.73,3.734,3.726,3.73,12695.92
2026-01-21 19:49:00,3.729,3.733,3.726,3.731,14314.14
2026-01-21 19:50:00,3.732,3.734,3.719,3.72,3081.7
2026-01-21 19:51:00,3.721,3.722,3.704,3.711,5043.49
2026-01-21 19:52:00,3.711,3.728,3.71,3.725,19274.17
2026-01-21 19:53:00,3.727,3.739,3.726,3.732,8829.57
2026-01-21 19:54:00,3.732,3.733,3.73,3.733,656.01
2026-01-21 19:55:00,3.734,3.739,3.734,3.735,1384.15
2026-01-21 19:56:00,3.736,3.742,3.734,3.735,5342.06
2026-01-21 19:57:00,3.735,3.739,3.73,3.731,4410.5
2026-01-21 19:58:00,3.73,3.733,3.727,3.733,6513.64
2026-01-21 19:59:00,3.733,3.734,3.73,3.732,2870.12
2026-01-21 20:00:00,3.731,3.736,3.722,3.724,15382.02
2026-01-21 20:01:00,3.724,3.724,3.706,3.708,12420.54
2026-01-21 20:02:00,3.709,3.717,3.707,3.71,3715.56
2026-01-21 20:03:00,3.711,3.717,3.707,3.711,1145.18
2026-01-21 20:04:00,3.71,3.718,3.707,3.709,3268.16
2026-01-21 20:05:00,3.709,3.713,3.706,3.71,1346.36
2026-01-21 20:06:00,3.71,3.72,3.71,3.713,2192.93
2026-01-21 20:07:00,3.714,3.723,3.714,3.721,8146.35
2026-01-21 20:08:00,3.719,3.722,3.712,3.719,1345.51
2026-01-21 20:09:00,3.719,3.721,3.717,3.718,1751.55
2026-01-21 20:10:00,3.717,3.717,3.706,3.706,3526.76
2026-01-21 20:11:00,3.707,3.714,3.707,3.709,2151.79
2026-01-21 20:12:00,3.708,3.712,3.706,3.708,2566.38
2026-01-21 20:13:00,3.707,3.709,3.702,3.702,1891.84
2026-01-21 20:14:00,3.703,3.713,3.702,3.712,4537.9
2026-01-21 20:15:00,3.711,3.711,3.696,3.696,2711.1
2026-01-21 20:16:00,3.696,3.702,3.692,3.699,8318.28
2026-01-21 20:17:00,3.7,3.701,3.696,3.697,1914.38
2026-01-21 20:18:00,3.697,3.701,3.689,3.69,21015.49
2026-01-21 20:19:00,3.69,3.69,3.684,3.685,4358.58
2026-01-21 20:20:00,3.685,3.692,3.68,3.682,3954.15
2026-01-21 20:21:00,3.681,3.684,3.669,3.67,6870.46
2026-01-21 20:22:00,3.671,3.69,3.671,3.69,4041.16
2026-01-21 20:23:00,3.689,3.69,3.684,3.687,8051.48
2026-01-21 20:24:00,3.687,3.701,3.687,3.698,12902.34
2026-01-21 20:25:00,3.697,3.697,3.686,3.687,581.81
2026-01-21 20:26:00,3.687,3.691,3.686,3.687,587.98
2026-01-21 20:27:00,3.687,3.692,3.687,3.692,976.63
2026-01-21 20:28:00,3.692,3.701,3.687,3.698,4034.69
2026-01-21 20:29:00,3.697,3.697,3.69,3.691,751.87
2026-01-21 20:30:00,3.692,3.698,3.685,3.698,614.86
2026-01-21 20:31:00,3.699,3.699,3.684,3.695,5092.47
2026-01-21 20:32:00,3.695,3.701,3.692,3.7,9354.06
2026-01-21 20:33:00,3.7,3.702,3.696,3.699,1296.76
2026-01-21 20:34:00,3.699,3.702,3.696,3.7,2928.3
2026-01-21 20:35:00,3.701,3.701,3.694,3.7,1315.52
2026-01-21 20:36:00,3.701,3.702,3.698,3.699,1749.08
2026-01-21 20:37:00,3.698,3.698,3.69,3.691,4695.5
2026-01-21 20:38:00,3.692,3.696,3.691,3.694,1188.29
2026-01-21 20:39:00,3.695,3.698,3.686,3.686,2035.27
2026-01-21 20:40:00,3.685,3.686,3.682,3.683,2290.44
2026-01-21 20:41:00,3.684,3.684,3.672,3.673,3616.33
2026-01-21 20:42:00,3.673,3.685,3.673,3.684,3078.05
2026-01-21 20:43:00,3.684,3.685,3.681,3.682,454.96
2026-01-21 20:44:00,3.682,3.69,3.682,3.686,1342.42
2026-01-21 20:45:00,3.686,3.694,3.686,3.691,4480.39
2026-01-21 20:46:00,3.691,3.707,3.688,3.707,4176.05
2026-01-21 20:47:00,3.707,3.71,3.704,3.704,2888.83
2026-01-21 20:48:00,3.704,3.717,3.701,3.717,13290.71
2026-01-21 20:49:00,3.717,3.723,3.717,3.721,1702.74
2026-01-21 20:50:00,3.72,3.723,3.712,3.722,5746.61
2026-01-21 20:51:00,3.721,3.724,3.708,3.717,20055.01
2026-01-21 20:52:00,3.718,3.724,3.715,3.718,2644.98
2026-01-21 20:53:00,3.718,3.721,3.717,3.721,1023.66
2026-01-21 20:54:00,3.721,3.729,3.721,3.721,2086.75
2026-01-21 20:55:00,3.721,3.721,3.715,3.715,2903.65
2026-01-21 20:56:00,3.716,3.719,3.712,3.716,1805.5
2026-01-21 20:57:00,3.715,3.717,3.713,3.714,1296.58
2026-01-21 20:58:00,3.714,3.717,3.714,3.716,3270.72
2026-01-21 20:59:00,3.716,3.717,3.715,3.716,2893.94
2026-01-21 21:00:00,3.717,3.717,3.714,3.715,1234.75
2026-01-21 21:01:00,3.716,3.718,3.713,3.716,1001.58
2026-01-21 21:02:00,3.716,3.722,3.714,3.722,3959.69
2026-01-21 21:03:00,3.722,3.742,3.722,3.741,3734.19
2026-01-21 21:04:00,3.742,3.745,3.731,3.731,1771.55
2026-01-21 21:05:00,3.73,3.73,3.726,3.729,194.91
2026-01-21 21:06:00,3.73,3.742,3.73,3.74,1017.15
2026-01-21 21:07:00,3.74,3.741,3.738,3.739,365.34
2026-01-21 21:08:00,3.74,3.743,3.733,3.733,11676.91
2026-01-21 21:09:00,3.734,3.734,3.725,3.725,1044.85
2026-01-21 21:10:00,3.725,3.725,3.711,3.721,21074.22
2026-01-21 21:11:00,3.721,3.729,3.721,3.727,915.65
2026-01-21 21:12:00,3.727,3.729,3.725,3.727,2737.01
2026-01-21 21:13:00,3.727,3.729,3.726,3.728,1143.0
2026-01-21 21:14:00,3.728,3.74,3.728,3.74,2229.75
2026-01-21 21:15:00,3.739,3.743,3.738,3.742,2020.46
2026-01-21 21:16:00,3.742,3.762,3.742,3.76,10932.52
2026-01-21 21:17:00,3.76,3.775,3.76,3.775,10314.62
2026-01-21 21:18:00,3.775,3.785,3.775,3.781,11230.07
2026-01-21 21:19:00,3.781,3.786,3.779,3.779,6733.42
2026-01-21 21:20:00,3.778,3.779,3.76,3.762,9752.3
2026-01-21 21:21:00,3.761,3.761,3.754,3.759,1680.12
2026-01-21 21:22:00,3.759,3.759,3.752,3.753,1690.43
2026-01-21 21:23:00,3.752,3.753,3.746,3.75,810.42
2026-01-21 21:24:00,3.75,3.751,3.748,3.75,2320.32
2026-01-21 21:25:00,3.749,3.76,3.746,3.759,1541.08
2026-01-21 21:26:00,3.76,3.764,3.759,3.764,3399.86
2026-01-21 21:27:00,3.765,3.765,3.76,3.762,684.62
2026-01-21 21:28:00,3.762,3.769,3.762,3.765,2235.1
2026-01-21 21:29:00,3.766,3.767,3.749,3.749,4339.97
2026-01-21 21:30:00,3.749,3.754,3.744,3.754,4510.92
2026-01-21 21:31:00,3.754,3.764,3.754,3.756,1159.89
2026-01-21 21:32:00,3.757,3.757,3.742,3.748,4862.78
2026-01-21 21:33:00,3.749,3.751,3.748,3.75,957.1
2026-01-21 21:34:00,3.75,3.754,3.75,3.753,181.61
2026-01-21 21:35:00,3.753,3.753,3.742,3.742,578.22
2026-01-21 21:36:00,3.742,3.743,3.74,3.741,503.52
2026-01-21 21:37:00,3.741,3.741,3.732,3.737,3539.04
2026-01-21 21:38:00,3.737,3.74,3.736,3.738,600.38
2026-01-21 21:39:00,3.738,3.742,3.738,3.742,502.46
2026-01-21 21:40:00,3.74,3.744,3.736,3.743,1876.98
2026-01-21 21:41:00,3.743,3.743,3.741,3.741,849.4
2026-01-21 21:42:00,3.741,3.75,3.74,3.75,4971.14
2026-01-21 21:43:00,3.749,3.755,3.747,3.748,4385.29
2026-01-21 21:44:00,3.749,3.754,3.747,3.753,380.74
2026-01-21 21:45:00,3.753,3.754,3.748,3.75,1182.52
2026-01-21 21:46:00,3.75,3.754,3.747,3.754,5533.77
2026-01-21 21:47:00,3.754,3.754,3.751,3.751,2045.6
2026-01-21 21:48:00,3.751,3.751,3.746,3.748,252.1
2026-01-21 21:49:00,3.748,3.748,3.744,3.745,1539.09
2026-01-21 21:50:00,3.745,3.745,3.742,3.742,1171.73
2026-01-21 21:51:00,3.743,3.744,3.738,3.74,1602.18
2026-01-21 21:52:00,3.741,3.742,3.738,3.742,690.11
2026-01-21 21:53:00,3.743,3.747,3.743,3.747,3091.25
2026-01-21 21:54:00,3.746,3.748,3.744,3.748,515.29
2026-01-21 21:55:00,3.748,3.751,3.747,3.749,2409.35
2026-01-21 21:56:00,3.749,3.75,3.747,3.748,552.23
2026-01-21 21:57:00,3.749,3.749,3.742,3.743,1740.93
2026-01-21 21:58:00,3.742,3.744,3.742,3.744,638.93
2026-01-21 21:59:00,3.745,3.747,3.745,3.745,399.45
2026-01-21 22:00:00,3.745,3.747,3.742,3.742,443.61
2026-01-21 22:01:00,3.741,3.741,3.737,3.741,366.16
2026-01-21 22:02:00,3.741,3.741,3.74,3.741,743.14
2026-01-21 22:03:00,3.742,3.744,3.741,3.744,590.88
2026-01-21 22:04:00,3.744,3.746,3.743,3.745,4459.46
2026-01-21 22:05:00,3.744,3.744,3.743,3.743,16.79
2026-01-21 22:06:00,3.742,3.745,3.741,3.744,1376.51
2026-01-21 22:07:00,3.743,3.745,3.743,3.745,795.21
2026-01-21 22:08:00,3.745,3.746,3.742,3.745,1914.91
2026-01-21 22:09:00,3.746,3.748,3.746,3.748,522.39
2026-01-21 22:10:00,3.749,3.754,3.749,3.752,4996.88
2026-01-21 22:11:00,3.752,3.754,3.751,3.752,1335.73
2026-01-21 22:12:00,3.751,3.751,3.741,3.741,910.61
2026-01-21 22:13:00,3.741,3.744,3.731,3.732,997.6
2026-01-21 22:14:00,3.732,3.732,3.728,3.728,1063.36
2026-01-21 22:15:00,3.727,3.73,3.724,3.73,2833.34
2026-01-21 22:16:00,3.73,3.731,3.718,3.718,2395.56
2026-01-21 22:17:00,3.72,3.725,3.72,3.721,895.24
2026-01-21 22:18:00,3.721,3.721,3.717,3.718,1228.08
2026-01-21 22:19:00,3.718,3.718,3.715,3.718,989.4
2026-01-21 22:20:00,3.717,3.717,3.716,3.716,958.21
2026-01-21 22:21:00,3.716,3.717,3.705,3.705,8799.7
2026-01-21 22:22:00,3.705,3.707,3.702,3.706,3627.48
2026-01-21 22:23:00,3.705,3.705,3.696,3.697,5192.76
2026-01-21 22:24:00,3.696,3.697,3.694,3.695,1093.25
2026-01-21 22:25:00,3.694,3.695,3.69,3.691,2055.45
2026-01-21 22:26:00,3.692,3.694,3.691,3.693,957.09
2026-01-21 22:27:00,3.693,3.7,3.693,3.699,1059.41
2026-01-21 22:28:00,3.698,3.699,3.697,3.697,292.12
2026-01-21 22:29:00,3.696,3.698,3.696,3.696,788.74
2026-01-21 22:30:00,3.696,3.696,3.691,3.695,9653.77
2026-01-21 22:31:00,3.695,3.695,3.691,3.695,250.94
2026-01-21 22:32:00,3.695,3.703,3.695,3.7,1516.78
2026-01-21 22:33:00,3.7,3.706,3.7,3.701,1939.34
2026-01-21 22:34:00,3.702,3.705,3.702,3.704,363.4
2026-01-21 22:35:00,3.703,3.706,3.703,3.703,906.07
2026-01-21 22:36:00,3.702,3.71,3.701,3.71,599.39
2026-01-21 22:37:00,3.71,3.71,3.71,3.71,123.51
2026-01-21 22:38:00,3.709,3.709,3.701,3.701,587.43
2026-01-21 22:39:00,3.702,3.702,3.699,3.699,398.58
2026-01-21 22:40:00,3.698,3.702,3.694,3.702,856.08
2026-01-21 22:41:00,3.703,3.703,3.698,3.701,2084.37
2026-01-21 22:42:00,3.7,3.701,3.699,3.701,215.97
2026-01-21 22:43:00,3.702,3.702,3.701,3.701,200.48
2026-01-21 22:44:00,3.702,3.703,3.7,3.701,851.35
2026-01-21 22:45:00,3.701,3.703,3.701,3.702,245.26
2026-01-21 22:46:00,3.703,3.705,3.703,3.704,305.5
2026-01-21 22:47:00,3.704,3.704,3.696,3.696,2933.12
2026-01-21 22:48:00,3.695,3.695,3.694,3.694,57.05
2026-01-21 22:49:00,3.694,3.694,3.694,3.694,7.86
2026-01-21 22:50:00,3.694,3.694,3.694,3.694,1.7
2026-01-21 22:51:00,3.694,3.694,3.691,3.692,336.52
2026-01-21 22:52:00,3.691,3.691,3.687,3.687,1121.53
2026-01-21 22:53:00,3.689,3.691,3.689,3.689,466.65
2026-01-21 22:54:00,3.689,3.695,3.689,3.695,1131.96
2026-01-21 22:55:00,3.694,3.7,3.694,3.7,1150.63
2026-01-21 22:56:00,3.699,3.703,3.699,3.703,1031.02
2026-01-21 22:57:00,3.701,3.701,3.697,3.697,1850.24
2026-01-21 22:58:00,3.696,3.696,3.694,3.695,330.98
2026-01-21 22:59:00,3.694,3.694,3.691,3.691,274.79
2026-01-21 23:00:00,3.69,3.691,3.687,3.691,1328.81
2026-01-21 23:01:00,3.69,3.69,3.685,3.685,1772.61
2026-01-21 23:02:00,3.685,3.686,3.679,3.684,1599.8
2026-01-21 23:03:00,3.684,3.69,3.68,3.69,3438.17
2026-01-21 23:04:00,3.688,3.689,3.687,3.688,1029.76
2026-01-21 23:05:00,3.687,3.687,3.682,3.686,430.92
2026-01-21 23:06:00,3.686,3.69,3.686,3.689,704.53
2026-01-21 23:07:00,3.689,3.689,3.685,3.685,222.03
2026-01-21 23:08:00,3.686,3.686,3.683,3.685,334.48
2026-01-21 23:09:00,3.684,3.686,3.682,3.686,154.67
2026-01-21 23:10:00,3.686,3.687,3.685,3.687,366.49
2026-01-21 23:11:00,3.688,3.689,3.681,3.683,708.38
2026-01-21 23:12:00,3.683,3.688,3.683,3.686,980.36
2026-01-21 23:13:00,3.687,3.692,3.687,3.689,2415.45
2026-01-21 23:14:00,3.689,3.698,3.689,3.693,5439.06
2026-01-21 23:15:00,3.692,3.692,3.687,3.687,1084.35
2026-01-21 23:16:00,3.688,3.689,3.685,3.686,180.44
2026-01-21 23:17:00,3.685,3.685,3.682,3.683,974.16
2026-01-21 23:18:00,3.682,3.683,3.681,3.681,304.04
2026-01-21 23:19:00,3.681,3.681,3.676,3.676,1620.17
2026-01-21 23:20:00,3.676,3.676,3.675,3.675,184.77
2026-01-21 23:21:00,3.676,3.676,3.67,3.671,2533.38
2026-01-21 23:22:00,3.67,3.67,3.659,3.664,32724.41
2026-01-21 23:23:00,3.663,3.663,3.658,3.662,2866.63
2026-01-21 23:24:00,3.663,3.667,3.663,3.667,843.17
2026-01-21 23:25:00,3.668,3.668,3.657,3.664,13285.45
2026-01-21 23:26:00,3.665,3.666,3.665,3.665,2177.32
2026-01-21 23:27:00,3.665,3.668,3.665,3.668,161.5
2026-01-21 23:28:00,3.669,3.678,3.669,3.678,479.29
2026-01-21 23:29:00,3.678,3.678,3.674,3.675,330.95
2026-01-21 23:30:00,3.675,3.675,3.671,3.671,109.22
2026-01-21 23:31:00,3.671,3.672,3.665,3.666,401.36
2026-01-21 23:32:00,3.665,3.666,3.663,3.663,322.73
2026-01-21 23:33:00,3.663,3.664,3.662,3.664,3273.93
2026-01-21 23:34:00,3.665,3.666,3.665,3.666,272.96
2026-01-21 23:35:00,3.665,3.665,3.661,3.662,828.05
2026-01-21 23:36:00,3.662,3.666,3.662,3.664,1648.71
2026-01-21 23:37:00,3.663,3.663,3.658,3.66,1207.79
2026-01-21 23:38:00,3.66,3.664,3.659,3.659,1021.06
2026-01-21 23:39:00,3.66,3.66,3.652,3.654,2965.31
2026-01-21 23:40:00,3.654,3.654,3.646,3.648,7450.66
2026-01-21 23:41:00,3.647,3.648,3.646,3.647,821.93
2026-01-21 23:42:00,3.647,3.651,3.64,3.643,2844.73
2026-01-21 23:43:00,3.642,3.642,3.634,3.639,8902.68
2026-01-21 23:44:00,3.639,3.64,3.637,3.638,2201.88
2026-01-21 23:45:00,3.638,3.644,3.638,3.64,1101.05
2026-01-21 23:46:00,3.639,3.643,3.638,3.641,2242.07
2026-01-21 23:47:00,3.642,3.645,3.641,3.641,247.41
2026-01-21 23:48:00,3.64,3.641,3.633,3.636,2117.44
2026-01-21 23:49:00,3.635,3.635,3.625,3.628,1756.16
2026-01-21 23:50:00,3.627,3.631,3.626,3.63,2858.18
2026-01-21 23:51:00,3.63,3.63,3.626,3.629,508.7
2026-01-21 23:52:00,3.629,3.629,3.627,3.628,73.34
2026-01-21 23:53:00,3.627,3.63,3.627,3.63,235.26
2026-01-21 23:54:00,3.631,3.631,3.625,3.625,3996.47
2026-01-21 23:55:00,3.625,3.633,3.625,3.633,7029.51
2026-01-21 23:56:00,3.634,3.636,3.632,3.633,847.91
2026-01-21 23:57:00,3.632,3.633,3.63,3.63,129.94
2026-01-21 23:58:00,3.63,3.63,3.624,3.626,9892.81
2026-01-21 23:59:00,3.626,3.629,3.625,3.629,652.82
2026-01-22 00:00:00,3.629,3.644,3.629,3.644,4722.08
2026-01-22 00:01:00,3.644,3.644,3.635,3.638,10924.14
2026-01-22 00:02:00,3.637,3.637,3.62,3.62,5863.43
2026-01-22 00:03:00,3.62,3.62,3.604,3.61,10056.7
2026-01-22 00:04:00,3.608,3.615,3.604,3.611,2836.13
2026-01-22 00:05:00,3.612,3.613,3.607,3.609,9775.95
2026-01-22 00:06:00,3.609,3.618,3.609,3.618,930.09
2026-01-22 00:07:00,3.617,3.617,3.611,3.611,2336.39
2026-01-22 00:08:00,3.611,3.611,3.604,3.608,2374.59
2026-01-22 00:09:00,3.607,3.612,3.607,3.61,4661.24
2026-01-22 00:10:00,3.61,3.61,3.604,3.604,616.19
2026-01-22 00:11:00,3.603,3.61,3.6,3.607,3023.18
2026-01-22 00:12:00,3.608,3.618,3.606,3.618,2234.16
2026-01-22 00:13:00,3.618,3.619,3.616,3.619,459.64
2026-01-22 00:14:00,3.619,3.622,3.617,3.621,1584.81
2026-01-22 00:15:00,3.622,3.629,3.616,3.617,977.23
2026-01-22 00:16:00,3.618,3.642,3.618,3.638,8760.09
2026-01-22 00:17:00,3.637,3.638,3.632,3.635,2308.6
2026-01-22 00:18:00,3.636,3.645,3.636,3.643,4152.97
2026-01-22 00:19:00,3.642,3.642,3.638,3.642,1582.05
2026-01-22 00:20:00,3.641,3.642,3.638,3.641,1516.83
2026-01-22 00:21:00,3.64,3.643,3.637,3.643,4432.98
2026-01-22 00:22:00,3.643,3.648,3.641,3.647,2452.49
2026-01-22 00:23:00,3.646,3.646,3.642,3.642,3656.18
2026-01-22 00:24:00,3.643,3.644,3.642,3.644,123.33
2026-01-22 00:25:00,3.643,3.643,3.64,3.64,981.8
2026-01-22 00:26:00,3.64,3.644,3.64,3.643,354.27
2026-01-22 00:27:00,3.644,3.654,3.644,3.653,3279.98
2026-01-22 00:28:00,3.653,3.656,3.64,3.64,2861.81
2026-01-22 00:29:00,3.641,3.642,3.632,3.633,5868.31
2026-01-22 00:30:00,3.633,3.639,3.627,3.638,2924.14
2026-01-22 00:31:00,3.639,3.654,3.639,3.65,6168.33
2026-01-22 00:32:00,3.65,3.654,3.65,3.654,545.45
2026-01-22 00:33:00,3.655,3.66,3.654,3.659,1504.75
2026-01-22 00:34:00,3.659,3.661,3.655,3.655,4487.11
2026-01-22 00:35:00,3.655,3.662,3.654,3.661,1205.16
2026-01-22 00:36:00,3.661,3.661,3.659,3.66,1149.26
2026-01-22 00:37:00,3.66,3.662,3.65,3.65,7208.49
2026-01-22 00:38:00,3.65,3.656,3.649,3.654,1404.89
2026-01-22 00:39:00,3.653,3.659,3.653,3.658,1239.9
2026-01-22 00:40:00,3.658,3.66,3.649,3.651,3554.24
2026-01-22 00:41:00,3.651,3.66,3.651,3.659,930.0
2026-01-22 00:42:00,3.658,3.658,3.645,3.647,9078.54
2026-01-22 00:43:00,3.647,3.647,3.644,3.646,1917.53
2026-01-22 00:44:00,3.647,3.648,3.645,3.647,1817.09
2026-01-22 00:45:00,3.646,3.647,3.639,3.647,1289.84
2026-01-22 00:46:00,3.647,3.657,3.647,3.656,4207.03
2026-01-22 00:47:00,3.655,3.656,3.65,3.65,1871.8
2026-01-22 00:48:00,3.651,3.657,3.651,3.656,2001.86
2026-01-22 00:49:00,3.655,3.658,3.652,3.652,2547.93
2026-01-22 00:50:00,3.651,3.658,3.651,3.657,2803.8
2026-01-22 00:51:00,3.658,3.665,3.657,3.658,8574.63
2026-01-22 00:52:00,3.657,3.664,3.656,3.662,1829.33
2026-01-22 00:53:00,3.662,3.664,3.66,3.663,2058.4
2026-01-22 00:54:00,3.663,3.665,3.663,3.664,1336.61
2026-01-22 00:55:00,3.664,3.664,3.658,3.66,1509.7
2026-01-22 00:56:00,3.659,3.659,3.653,3.654,2205.12
2026-01-22 00:57:00,3.655,3.657,3.654,3.654,2159.07
2026-01-22 00:58:00,3.655,3.656,3.65,3.653,2948.18
2026-01-22 00:59:00,3.654,3.655,3.652,3.655,499.9
2026-01-22 01:00:00,3.653,3.657,3.646,3.647,10997.44
2026-01-22 01:01:00,3.646,3.646,3.642,3.644,8205.04
2026-01-22 01:02:00,3.644,3.656,3.644,3.655,6533.81
2026-01-22 01:03:00,3.654,3.665,3.654,3.661,7323.47
2026-01-22 01:04:00,3.661,3.665,3.659,3.66,6084.5
2026-01-22 01:05:00,3.66,3.66,3.651,3.652,6340.03
2026-01-22 01:06:00,3.652,3.652,3.645,3.645,3683.22
2026-01-22 01:07:00,3.644,3.644,3.638,3.64,2299.65
2026-01-22 01:08:00,3.64,3.64,3.637,3.64,2506.59
2026-01-22 01:09:00,3.64,3.646,3.64,3.646,1871.7
2026-01-22 01:10:00,3.647,3.653,3.647,3.647,1244.96
2026-01-22 01:11:00,3.646,3.649,3.643,3.649,2586.85
2026-01-22 01:12:00,3.65,3.65,3.646,3.646,1396.34
2026-01-22 01:13:00,3.646,3.65,3.646,3.648,789.49
2026-01-22 01:14:00,3.648,3.648,3.644,3.647,2227.52
2026-01-22 01:15:00,3.647,3.647,3.642,3.642,1770.4
2026-01-22 01:16:00,3.642,3.644,3.639,3.641,1924.96
2026-01-22 01:17:00,3.642,3.644,3.63,3.639,18273.24
2026-01-22 01:18:00,3.64,3.642,3.628,3.628,6603.58
2026-01-22 01:19:00,3.627,3.63,3.625,3.629,2289.03
2026-01-22 01:20:00,3.629,3.642,3.628,3.641,8436.78
2026-01-22 01:21:00,3.64,3.641,3.632,3.634,1397.16
2026-01-22 01:22:00,3.634,3.634,3.629,3.629,1957.81
2026-01-22 01:23:00,3.629,3.637,3.629,3.634,2603.59
2026-01-22 01:24:00,3.633,3.636,3.633,3.636,509.22
2026-01-22 01:25:00,3.636,3.646,3.636,3.646,2041.43
2026-01-22 01:26:00,3.646,3.647,3.642,3.646,1591.53
2026-01-22 01:27:00,3.646,3.648,3.646,3.647,1791.22
2026-01-22 01:28:00,3.646,3.65,3.643,3.647,1477.24
2026-01-22 01:29:00,3.647,3.647,3.639,3.641,1817.71
2026-01-22 01:30:00,3.64,3.64,3.627,3.638,21456.11
2026-01-22 01:31:00,3.638,3.641,3.636,3.636,2982.83
2026-01-22 01:32:00,3.636,3.637,3.636,3.637,726.66
2026-01-22 01:33:00,3.637,3.637,3.628,3.635,2083.68
2026-01-22 01:34:00,3.634,3.64,3.632,3.64,1957.6
2026-01-22 01:35:00,3.64,3.64,3.634,3.636,3245.05
2026-01-22 01:36:00,3.635,3.637,3.635,3.636,683.52
2026-01-22 01:37:00,3.636,3.64,3.634,3.64,1984.99
2026-01-22 01:38:00,3.639,3.643,3.639,3.643,635.08
2026-01-22 01:39:00,3.643,3.643,3.634,3.634,1845.15
2026-01-22 01:40:00,3.634,3.635,3.63,3.631,1510.83
2026-01-22 01:41:00,3.632,3.633,3.621,3.621,5676.75
2026-01-22 01:42:00,3.622,3.622,3.619,3.622,1696.78
2026-01-22 01:43:00,3.622,3.629,3.621,3.628,1275.89
2026-01-22 01:44:00,3.629,3.63,3.629,3.629,242.62
2026-01-22 01:45:00,3.629,3.629,3.619,3.623,2148.41
2026-01-22 01:46:00,3.623,3.628,3.623,3.626,4330.01
2026-01-22 01:47:00,3.626,3.634,3.626,3.63,1767.06
2026-01-22 01:48:00,3.63,3.634,3.63,3.632,2055.87
2026-01-22 01:49:00,3.632,3.641,3.632,3.641,1228.11
2026-01-22 01:50:00,3.641,3.641,3.634,3.634,835.49
2026-01-22 01:51:00,3.633,3.636,3.628,3.635,751.52
2026-01-22 01:52:00,3.635,3.636,3.629,3.631,605.6
2026-01-22 01:53:00,3.63,3.632,3.63,3.632,3308.88
2026-01-22 01:54:00,3.632,3.638,3.631,3.636,2296.99
2026-01-22 01:55:00,3.635,3.644,3.635,3.641,4076.13
2026-01-22 01:56:00,3.641,3.642,3.638,3.638,184.53
2026-01-22 01:57:00,3.637,3.648,3.637,3.648,6476.98
2026-01-22 01:58:00,3.648,3.654,3.648,3.65,2974.56
2026-01-22 01:59:00,3.649,3.649,3.641,3.646,3846.72
2026-01-22 02:00:00,3.646,3.655,3.642,3.652,8930.67
2026-01-22 02:01:00,3.652,3.662,3.652,3.658,1840.78
2026-01-22 02:02:00,3.659,3.669,3.659,3.664,32197.37
2026-01-22 02:03:00,3.664,3.669,3.664,3.667,1045.45
2026-01-22 02:04:00,3.666,3.669,3.666,3.668,5854.91
2026-01-22 02:05:00,3.669,3.676,3.666,3.675,14429.0
2026-01-22 02:06:00,3.674,3.674,3.669,3.671,5680.08
2026-01-22 02:07:00,3.671,3.671,3.662,3.666,2479.68
2026-01-22 02:08:00,3.667,3.671,3.666,3.668,1283.14
2026-01-22 02:09:00,3.667,3.672,3.667,3.669,2687.61
2026-01-22 02:10:00,3.669,3.669,3.663,3.666,1295.27
2026-01-22 02:11:00,3.667,3.674,3.667,3.671,1078.45
2026-01-22 02:12:00,3.67,3.67,3.667,3.668,1270.87
2026-01-22 02:13:00,3.667,3.669,3.667,3.667,609.54
2026-01-22 02:14:00,3.666,3.669,3.664,3.669,3818.93
2026-01-22 02:15:00,3.669,3.674,3.669,3.674,607.47
2026-01-22 02:16:00,3.674,3.68,3.674,3.68,2153.17
2026-01-22 02:17:00,3.68,3.682,3.676,3.677,1426.75
2026-01-22 02:18:00,3.678,3.687,3.678,3.684,5205.53
2026-01-22 02:19:00,3.684,3.693,3.683,3.686,12993.42
2026-01-22 02:20:00,3.687,3.694,3.679,3.681,33417.29
2026-01-22 02:21:00,3.68,3.68,3.675,3.678,1060.04
2026-01-22 02:22:00,3.678,3.678,3.674,3.674,1081.54
2026-01-22 02:23:00,3.674,3.675,3.672,3.675,1074.55
2026-01-22 02:24:00,3.675,3.675,3.675,3.675,9.67
2026-01-22 02:25:00,3.674,3.678,3.674,3.678,185.59
2026-01-22 02:26:00,3.679,3.682,3.678,3.681,3641.9
2026-01-22 02:27:00,3.682,3.682,3.677,3.678,1598.93
2026-01-22 02:28:00,3.678,3.682,3.671,3.682,4438.56
2026-01-22 02:29:00,3.682,3.682,3.681,3.681,750.72
2026-01-22 02:30:00,3.681,3.681,3.675,3.675,1837.64
2026-01-22 02:31:00,3.674,3.676,3.669,3.669,1320.8
2026-01-22 02:32:00,3.669,3.67,3.663,3.67,1500.3
2026-01-22 02:33:00,3.669,3.67,3.669,3.669,1611.5
2026-01-22 02:34:00,3.669,3.672,3.667,3.669,1679.9
2026-01-22 02:35:00,3.669,3.672,3.669,3.672,594.28
2026-01-22 02:36:00,3.673,3.678,3.672,3.678,2281.83
2026-01-22 02:37:00,3.678,3.678,3.674,3.678,282.47
2026-01-22 02:38:00,3.679,3.681,3.678,3.679,2601.79
2026-01-22 02:39:00,3.679,3.682,3.679,3.682,176.77
2026-01-22 02:40:00,3.681,3.681,3.67,3.67,4456.87
2026-01-22 02:41:00,3.67,3.67,3.667,3.667,1504.31
2026-01-22 02:42:00,3.667,3.669,3.667,3.669,251.72
2026-01-22 02:43:00,3.668,3.672,3.668,3.672,562.88
2026-01-22 02:44:00,3.672,3.674,3.671,3.673,652.68
2026-01-22 02:45:00,3.672,3.672,3.668,3.669,725.87
2026-01-22 02:46:00,3.668,3.668,3.657,3.658,9902.13
2026-01-22 02:47:00,3.658,3.663,3.655,3.663,3064.91
2026-01-22 02:48:00,3.664,3.667,3.664,3.666,307.61
2026-01-22 02:49:00,3.665,3.665,3.661,3.661,945.61
2026-01-22 02:50:00,3.662,3.662,3.653,3.655,4677.19
2026-01-22 02:51:00,3.655,3.657,3.641,3.643,7986.55
2026-01-22 02:52:00,3.643,3.649,3.643,3.645,1128.02
2026-01-22 02:53:00,3.646,3.647,3.645,3.646,1962.36
2026-01-22 02:54:00,3.645,3.645,3.64,3.642,1425.06
2026-01-22 02:55:00,3.64,3.64,3.638,3.639,751.47
2026-01-22 02:56:00,3.639,3.644,3.639,3.643,4127.26
2026-01-22 02:57:00,3.642,3.647,3.642,3.646,259.52
2026-01-22 02:58:00,3.647,3.648,3.645,3.645,625.73
2026-01-22 02:59:00,3.646,3.646,3.645,3.645,745.77
2026-01-22 03:00:00,3.646,3.665,3.646,3.665,1193.43
2026-01-22 03:01:00,3.664,3.669,3.664,3.668,4664.72
2026-01-22 03:02:00,3.668,3.668,3.664,3.667,585.98
2026-01-22 03:03:00,3.666,3.666,3.664,3.666,542.89
2026-01-22 03:04:00,3.665,3.674,3.662,3.672,22028.72
2026-01-22 03:05:00,3.673,3.676,3.671,3.675,6506.03
2026-01-22 03:06:00,3.676,3.682,3.676,3.681,2642.65
2026-01-22 03:07:00,3.681,3.684,3.677,3.677,4712.44
2026-01-22 03:08:00,3.678,3.693,3.676,3.683,40029.76
2026-01-22 03:09:00,3.683,3.685,3.682,3.684,2637.46
2026-01-22 03:10:00,3.684,3.684,3.675,3.675,2233.59
2026-01-22 03:11:00,3.675,3.678,3.675,3.677,1059.45
2026-01-22 03:12:00,3.678,3.68,3.675,3.675,1081.29
2026-01-22 03:13:00,3.676,3.676,3.671,3.671,76.98
2026-01-22 03:14:00,3.672,3.689,3.672,3.685,12819.26
2026-01-22 03:15:00,3.685,3.689,3.682,3.687,6894.24
2026-01-22 03:16:00,3.687,3.687,3.663,3.663,3553.52
2026-01-22 03:17:00,3.662,3.662,3.654,3.656,5392.26
2026-01-22 03:18:00,3.656,3.657,3.654,3.656,5548.54
2026-01-22 03:19:00,3.657,3.66,3.656,3.659,1116.87
2026-01-22 03:20:00,3.658,3.671,3.658,3.669,1663.39
2026-01-22 03:21:00,3.669,3.676,3.669,3.671,2566.4
2026-01-22 03:22:00,3.671,3.676,3.671,3.676,2713.13
2026-01-22 03:23:00,3.675,3.675,3.667,3.668,1356.87
2026-01-22 03:24:00,3.667,3.67,3.665,3.67,852.76
2026-01-22 03:25:00,3.671,3.672,3.663,3.663,1391.52
2026-01-22 03:26:00,3.664,3.665,3.66,3.663,1585.37
2026-01-22 03:27:00,3.662,3.662,3.66,3.661,4425.7
2026-01-22 03:28:00,3.661,3.661,3.658,3.658,1342.15
2026-01-22 03:29:00,3.657,3.657,3.652,3.652,484.96
2026-01-22 03:30:00,3.653,3.654,3.646,3.653,4976.3
2026-01-22 03:31:00,3.653,3.653,3.645,3.646,1412.48
2026-01-22 03:32:00,3.646,3.647,3.646,3.647,766.08
2026-01-22 03:33:00,3.647,3.647,3.645,3.645,992.26
2026-01-22 03:34:00,3.645,3.645,3.634,3.635,7361.13
2026-01-22 03:35:00,3.635,3.635,3.63,3.632,2661.6
2026-01-22 03:36:00,3.631,3.634,3.629,3.634,6428.19
2026-01-22 03:37:00,3.635,3.636,3.634,3.634,1578.93
2026-01-22 03:38:00,3.634,3.634,3.631,3.634,737.95
2026-01-22 03:39:00,3.635,3.64,3.635,3.635,1566.32
2026-01-22 03:40:00,3.636,3.642,3.633,3.64,2682.85
2026-01-22 03:41:00,3.64,3.646,3.638,3.646,2112.99
2026-01-22 03:42:00,3.645,3.65,3.645,3.646,1017.54
2026-01-22 03:43:00,3.646,3.651,3.646,3.651,178.65
2026-01-22 03:44:00,3.652,3.656,3.652,3.654,1413.85
2026-01-22 03:45:00,3.653,3.656,3.65,3.656,2093.54
2026-01-22 03:46:00,3.656,3.661,3.656,3.661,319.57
2026-01-22 03:47:00,3.661,3.663,3.659,3.663,1497.63
2026-01-22 03:48:00,3.664,3.666,3.664,3.666,257.44
2026-01-22 03:49:00,3.665,3.665,3.656,3.659,2993.54
2026-01-22 03:50:00,3.657,3.657,3.654,3.657,1135.7
2026-01-22 03:51:00,3.658,3.662,3.658,3.66,1539.77
2026-01-22 03:52:00,3.66,3.66,3.654,3.655,3877.91
2026-01-22 03:53:00,3.655,3.655,3.649,3.649,508.32
2026-01-22 03:54:00,3.65,3.652,3.649,3.651,1504.1
2026-01-22 03:55:00,3.649,3.649,3.648,3.648,655.88
2026-01-22 03:56:00,3.648,3.648,3.646,3.648,289.06
2026-01-22 03:57:00,3.649,3.652,3.649,3.652,456.2
2026-01-22 03:58:00,3.653,3.653,3.651,3.651,177.51
2026-01-22 03:59:00,3.651,3.651,3.646,3.648,871.51
2026-01-22 04:00:00,3.647,3.654,3.646,3.654,1774.16
2026-01-22 04:01:00,3.654,3.654,3.646,3.646,855.66
2026-01-22 04:02:00,3.645,3.645,3.637,3.638,3551.81
2026-01-22 04:03:00,3.637,3.64,3.637,3.637,2867.49
2026-01-22 04:04:00,3.638,3.638,3.636,3.636,313.59
2026-01-22 04:05:00,3.635,3.642,3.635,3.64,776.65
2026-01-22 04:06:00,3.64,3.642,3.639,3.639,1392.02
2026-01-22 04:07:00,3.639,3.642,3.639,3.639,1135.35
2026-01-22 04:08:00,3.639,3.642,3.639,3.641,1156.02
2026-01-22 04:09:00,3.641,3.641,3.639,3.64,481.23
2026-01-22 04:10:00,3.641,3.642,3.636,3.636,522.21
2026-01-22 04:11:00,3.636,3.644,3.635,3.638,2462.76
2026-01-22 04:12:00,3.639,3.641,3.636,3.636,542.1
2026-01-22 04:13:00,3.637,3.641,3.636,3.641,3242.83
2026-01-22 04:14:00,3.64,3.64,3.638,3.639,606.18
2026-01-22 04:15:00,3.639,3.643,3.639,3.643,1036.83
2026-01-22 04:16:00,3.643,3.643,3.638,3.638,473.02
2026-01-22 04:17:00,3.638,3.647,3.638,3.646,6097.93
2026-01-22 04:18:00,3.646,3.651,3.646,3.649,1137.24
2026-01-22 04:19:00,3.649,3.65,3.648,3.649,1110.54
2026-01-22 04:20:00,3.65,3.651,3.646,3.647,768.48
2026-01-22 04:21:00,3.648,3.651,3.648,3.651,580.25
2026-01-22 04:22:00,3.649,3.649,3.645,3.648,581.98
2026-01-22 04:23:00,3.648,3.652,3.648,3.652,1387.97
2026-01-22 04:24:00,3.652,3.652,3.652,3.652,220.05
2026-01-22 04:25:00,3.651,3.651,3.649,3.65,4872.9
2026-01-22 04:26:00,3.651,3.654,3.651,3.653,4892.74
2026-01-22 04:27:00,3.654,3.654,3.647,3.653,3608.25
2026-01-22 04:28:00,3.652,3.652,3.65,3.651,600.52
2026-01-22 04:29:00,3.65,3.65,3.65,3.65,67.63
2026-01-22 04:30:00,3.649,3.649,3.644,3.646,1138.15
2026-01-22 04:31:00,3.647,3.647,3.644,3.644,431.51
2026-01-22 04:32:00,3.644,3.644,3.631,3.634,8923.64
2026-01-22 04:33:00,3.634,3.637,3.632,3.637,1701.97
2026-01-22 04:34:00,3.638,3.645,3.635,3.643,3138.26
2026-01-22 04:35:00,3.642,3.649,3.642,3.647,767.75
2026-01-22 04:36:00,3.648,3.654,3.648,3.648,7248.11
2026-01-22 04:37:00,3.647,3.648,3.643,3.643,3651.91
2026-01-22 04:38:00,3.644,3.644,3.641,3.641,1005.61
2026-01-22 04:39:00,3.64,3.64,3.636,3.64,1364.1
2026-01-22 04:40:00,3.64,3.645,3.64,3.645,802.1
2026-01-22 04:41:00,3.646,3.646,3.642,3.643,472.78
2026-01-22 04:42:00,3.644,3.644,3.64,3.641,865.77
2026-01-22 04:43:00,3.642,3.644,3.642,3.644,842.98
2026-01-22 04:44:00,3.645,3.65,3.645,3.65,1910.33
2026-01-22 04:45:00,3.649,3.652,3.649,3.649,1931.02
2026-01-22 04:46:00,3.65,3.651,3.649,3.649,851.14
2026-01-22 04:47:00,3.65,3.65,3.644,3.644,1540.0
2026-01-22 04:48:00,3.644,3.644,3.643,3.643,28.75
2026-01-22 04:49:00,3.643,3.644,3.642,3.642,3788.0
2026-01-22 04:50:00,3.643,3.652,3.643,3.647,1025.88
2026-01-22 04:51:00,3.647,3.652,3.647,3.651,751.1
2026-01-22 04:52:00,3.649,3.649,3.647,3.649,824.98
2026-01-22 04:53:00,3.649,3.649,3.644,3.644,528.35
2026-01-22 04:54:00,3.644,3.645,3.643,3.644,698.44
2026-01-22 04:55:00,3.643,3.644,3.642,3.644,658.13
2026-01-22 04:56:00,3.644,3.646,3.644,3.646,341.16
2026-01-22 04:57:00,3.645,3.645,3.645,3.645,228.36
2026-01-22 04:58:00,3.646,3.646,3.64,3.642,2642.81
2026-01-22 04:59:00,3.643,3.645,3.642,3.644,398.7
2026-01-22 05:00:00,3.644,3.647,3.643,3.643,887.79
2026-01-22 05:01:00,3.642,3.642,3.639,3.639,1028.78
2026-01-22 05:02:00,3.64,3.647,3.64,3.647,1891.88
2026-01-22 05:03:00,3.647,3.647,3.643,3.643,3843.84
2026-01-22 05:04:00,3.644,3.65,3.644,3.65,675.69
2026-01-22 05:05:00,3.651,3.652,3.648,3.648,1039.17
2026-01-22 05:06:00,3.647,3.647,3.639,3.64,2669.1
2026-01-22 05:07:00,3.639,3.639,3.636,3.636,131.97
2026-01-22 05:08:00,3.636,3.64,3.636,3.64,1277.65
2026-01-22 05:09:00,3.641,3.641,3.634,3.637,2019.91
2026-01-22 05:10:00,3.636,3.636,3.631,3.631,2371.01
2026-01-22 05:11:00,3.631,3.632,3.629,3.632,7537.98
2026-01-22 05:12:00,3.63,3.63,3.622,3.623,3086.59
2026-01-22 05:13:00,3.623,3.626,3.622,3.626,2146.14
2026-01-22 05:14:00,3.627,3.629,3.627,3.629,1197.73
2026-01-22 05:15:00,3.628,3.634,3.628,3.634,1428.82
2026-01-22 05:16:00,3.635,3.641,3.635,3.639,5619.46
2026-01-22 05:17:00,3.639,3.64,3.624,3.627,35154.17
2026-01-22 05:18:00,3.627,3.63,3.624,3.624,1744.17
2026-01-22 05:19:00,3.623,3.623,3.621,3.622,1508.06
2026-01-22 05:20:00,3.622,3.625,3.622,3.624,1119.5
2026-01-22 05:21:00,3.623,3.627,3.622,3.626,2538.15
2026-01-22 05:22:00,3.626,3.631,3.626,3.631,1601.45
2026-01-22 05:23:00,3.63,3.634,3.63,3.63,1415.84
2026-01-22 05:24:00,3.63,3.631,3.63,3.63,584.65
2026-01-22 05:25:00,3.63,3.631,3.623,3.624,7276.9
2026-01-22 05:26:00,3.625,3.626,3.624,3.626,1065.64
2026-01-22 05:27:00,3.626,3.627,3.625,3.626,1073.83
2026-01-22 05:28:00,3.626,3.627,3.625,3.627,394.95
2026-01-22 05:29:00,3.627,3.63,3.626,3.629,1219.15
2026-01-22 05:30:00,3.63,3.633,3.63,3.633,48.96
2026-01-22 05:31:00,3.633,3.635,3.633,3.634,308.07
2026-01-22 05:32:00,3.634,3.637,3.633,3.637,382.3
2026-01-22 05:33:00,3.638,3.64,3.637,3.637,2251.44
2026-01-22 05:34:00,3.638,3.643,3.638,3.643,1718.93
2026-01-22 05:35:00,3.643,3.643,3.631,3.631,4758.3
2026-01-22 05:36:00,3.631,3.635,3.631,3.635,2782.31
2026-01-22 05:37:00,3.636,3.645,3.636,3.645,940.96
2026-01-22 05:38:00,3.646,3.646,3.638,3.639,5509.79
2026-01-22 05:39:00,3.638,3.641,3.638,3.64,890.3
2026-01-22 05:40:00,3.639,3.639,3.631,3.631,804.1
2026-01-22 05:41:00,3.632,3.636,3.631,3.632,2961.29
2026-01-22 05:42:00,3.632,3.632,3.632,3.632,335.52
2026-01-22 05:43:00,3.632,3.634,3.632,3.634,394.52
2026-01-22 05:44:00,3.635,3.638,3.635,3.637,1152.29
2026-01-22 05:45:00,3.636,3.639,3.636,3.639,422.57
2026-01-22 05:46:00,3.639,3.639,3.636,3.637,1248.14
2026-01-22 05:47:00,3.636,3.636,3.634,3.636,408.06
2026-01-22 05:48:00,3.637,3.642,3.637,3.64,857.53
2026-01-22 05:49:00,3.641,3.642,3.64,3.64,460.18
2026-01-22 05:50:00,3.64,3.64,3.638,3.638,907.33
2026-01-22 05:51:00,3.638,3.642,3.636,3.642,1122.89
2026-01-22 05:52:00,3.641,3.641,3.64,3.64,185.99
2026-01-22 05:53:00,3.639,3.641,3.628,3.628,2810.88
2026-01-22 05:54:00,3.629,3.638,3.629,3.637,683.07
2026-01-22 05:55:00,3.637,3.638,3.634,3.635,1484.22
2026-01-22 05:56:00,3.634,3.641,3.634,3.639,2248.28
2026-01-22 05:57:00,3.639,3.641,3.636,3.638,1189.12
2026-01-22 05:58:00,3.638,3.638,3.634,3.634,317.13
2026-01-22 05:59:00,3.634,3.638,3.634,3.638,1258.45
2026-01-22 06:00:00,3.638,3.638,3.633,3.633,766.67
2026-01-22 06:01:00,3.634,3.637,3.634,3.635,430.26
2026-01-22 06:02:00,3.634,3.638,3.634,3.635,1884.94
2026-01-22 06:03:00,3.635,3.643,3.635,3.639,3849.79
2026-01-22 06:04:00,3.64,3.643,3.64,3.642,558.46
2026-01-22 06:05:00,3.643,3.647,3.643,3.646,697.77
2026-01-22 06:06:00,3.645,3.645,3.642,3.642,912.33
2026-01-22 06:07:00,3.641,3.641,3.635,3.638,2024.2
2026-01-22 06:08:00,3.639,3.639,3.63,3.63,372.92
2026-01-22 06:09:00,3.63,3.635,3.63,3.635,484.35
2026-01-22 06:10:00,3.634,3.636,3.63,3.63,1323.05
2026-01-22 06:11:00,3.629,3.631,3.623,3.624,3071.29
2026-01-22 06:12:00,3.624,3.626,3.623,3.623,509.74
2026-01-22 06:13:00,3.623,3.635,3.623,3.631,8185.0
2026-01-22 06:14:00,3.631,3.635,3.63,3.635,1302.62
2026-01-22 06:15:00,3.634,3.637,3.627,3.627,1775.69
2026-01-22 06:16:00,3.627,3.627,3.624,3.624,935.83
2026-01-22 06:17:00,3.624,3.626,3.623,3.623,1420.39
2026-01-22 06:18:00,3.622,3.629,3.62,3.627,1650.95
2026-01-22 06:19:00,3.627,3.629,3.627,3.627,790.24
2026-01-22 06:20:00,3.628,3.63,3.627,3.629,1189.29
2026-01-22 06:21:00,3.628,3.629,3.626,3.626,1010.93
2026-01-22 06:22:00,3.626,3.626,3.62,3.621,1271.78
2026-01-22 06:23:00,3.621,3.624,3.62,3.622,941.07
2026-01-22 06:24:00,3.621,3.621,3.616,3.618,1673.3
2026-01-22 06:25:00,3.617,3.618,3.617,3.617,719.14
2026-01-22 06:26:00,3.617,3.617,3.611,3.615,1400.07
2026-01-22 06:27:00,3.614,3.617,3.612,3.617,3206.68
2026-01-22 06:28:00,3.615,3.616,3.613,3.613,1286.32
2026-01-22 06:29:00,3.614,3.614,3.613,3.614,235.13
2026-01-22 06:30:00,3.615,3.628,3.615,3.627,3881.04
2026-01-22 06:31:00,3.627,3.628,3.621,3.623,4378.14
2026-01-22 06:32:00,3.624,3.627,3.623,3.625,2902.7
2026-01-22 06:33:00,3.625,3.625,3.624,3.624,295.84
2026-01-22 06:34:00,3.624,3.626,3.624,3.625,446.99
2026-01-22 06:35:00,3.624,3.624,3.622,3.622,777.96
2026-01-22 06:36:00,3.623,3.628,3.623,3.626,581.29
2026-01-22 06:37:00,3.627,3.63,3.627,3.63,1686.89
2026-01-22 06:38:00,3.63,3.63,3.629,3.63,713.01
2026-01-22 06:39:00,3.63,3.63,3.628,3.629,602.37
2026-01-22 06:40:00,3.628,3.628,3.628,3.628,474.08
2026-01-22 06:41:00,3.627,3.629,3.627,3.629,376.92
2026-01-22 06:42:00,3.63,3.634,3.63,3.634,1922.46
2026-01-22 06:43:00,3.635,3.636,3.634,3.636,273.73
2026-01-22 06:44:00,3.637,3.642,3.637,3.642,585.04
2026-01-22 06:45:00,3.643,3.648,3.643,3.648,737.63
2026-01-22 06:46:00,3.648,3.65,3.634,3.642,23958.85
2026-01-22 06:47:00,3.642,3.645,3.642,3.645,1896.72
2026-01-22 06:48:00,3.646,3.651,3.646,3.65,1222.56
2026-01-22 06:49:00,3.649,3.653,3.648,3.648,2115.47
2026-01-22 06:50:00,3.647,3.647,3.64,3.643,1371.47
2026-01-22 06:51:00,3.642,3.647,3.64,3.64,3273.02
2026-01-22 06:52:00,3.64,3.642,3.64,3.642,608.08
2026-01-22 06:53:00,3.642,3.648,3.642,3.645,818.4
2026-01-22 06:54:00,3.645,3.649,3.645,3.648,1164.45
2026-01-22 06:55:00,3.647,3.65,3.647,3.649,219.95
2026-01-22 06:56:00,3.648,3.648,3.644,3.645,4748.4
2026-01-22 06:57:00,3.646,3.649,3.646,3.647,780.12
2026-01-22 06:58:00,3.649,3.653,3.648,3.649,2226.85
2026-01-22 06:59:00,3.648,3.65,3.647,3.647,549.69
2026-01-22 07:00:00,3.648,3.654,3.646,3.654,2522.69
2026-01-22 07:01:00,3.653,3.668,3.652,3.668,9516.57
2026-01-22 07:02:00,3.668,3.669,3.661,3.667,5395.02
2026-01-22 07:03:00,3.667,3.676,3.666,3.675,6676.46
2026-01-22 07:04:00,3.675,3.676,3.67,3.676,6354.08
2026-01-22 07:05:00,3.675,3.679,3.675,3.677,4355.7
2026-01-22 07:06:00,3.677,3.677,3.667,3.67,6957.49
2026-01-22 07:07:00,3.67,3.672,3.668,3.669,3572.29
2026-01-22 07:08:00,3.67,3.671,3.669,3.669,216.62
2026-01-22 07:09:00,3.669,3.672,3.668,3.672,4721.39
2026-01-22 07:10:00,3.671,3.676,3.671,3.676,983.37
2026-01-22 07:11:00,3.676,3.676,3.673,3.674,796.82
2026-01-22 07:12:00,3.673,3.673,3.668,3.67,1985.49
2026-01-22 07:13:00,3.671,3.673,3.671,3.673,872.54
2026-01-22 07:14:00,3.674,3.674,3.662,3.67,6405.15
2026-01-22 07:15:00,3.671,3.678,3.67,3.67,5028.03
2026-01-22 07:16:00,3.67,3.67,3.655,3.659,2134.99
2026-01-22 07:17:00,3.658,3.662,3.657,3.661,1558.55
2026-01-22 07:18:00,3.66,3.661,3.658,3.66,1280.63
2026-01-22 07:19:00,3.66,3.663,3.658,3.663,5761.08
2026-01-22 07:20:00,3.662,3.664,3.66,3.661,836.35
2026-01-22 07:21:00,3.661,3.662,3.656,3.658,1724.68
2026-01-22 07:22:00,3.66,3.662,3.659,3.659,641.49
2026-01-22 07:23:00,3.658,3.672,3.658,3.671,7054.97
2026-01-22 07:24:00,3.67,3.672,3.667,3.67,1787.79
2026-01-22 07:25:00,3.669,3.669,3.666,3.668,1292.64
2026-01-22 07:26:00,3.669,3.678,3.669,3.67,8598.6
2026-01-22 07:27:00,3.67,3.674,3.67,3.674,1858.11
2026-01-22 07:28:00,3.673,3.673,3.67,3.671,1618.68
2026-01-22 07:29:00,3.671,3.671,3.667,3.67,1330.36
2026-01-22 07:30:00,3.67,3.67,3.666,3.667,2184.94
2026-01-22 07:31:00,3.668,3.668,3.661,3.663,3357.06
2026-01-22 07:32:00,3.663,3.664,3.66,3.661,664.08
2026-01-22 07:33:00,3.662,3.665,3.662,3.664,531.01
2026-01-22 07:34:00,3.664,3.665,3.663,3.663,245.11
2026-01-22 07:35:00,3.662,3.669,3.662,3.669,1299.83
2026-01-22 07:36:00,3.67,3.68,3.67,3.677,2108.3
2026-01-22 07:37:00,3.676,3.676,3.666,3.669,1418.4
2026-01-22 07:38:00,3.67,3.671,3.669,3.671,1026.85
2026-01-22 07:39:00,3.669,3.67,3.669,3.669,307.31
2026-01-22 07:40:00,3.669,3.669,3.664,3.666,840.33
2026-01-22 07:41:00,3.667,3.686,3.667,3.685,4357.22
2026-01-22 07:42:00,3.685,3.685,3.681,3.684,1526.2
